Id,Date,TotalSteps,TotalDistance,Calories
1503960366,4/12/2016,13162,8.5,1985
1503960366,4/13/2016,10735,6.96999979,1797
1503960366,4/14/2016,10460,6.739999771,1776
1503960366,4/15/2016,9762,6.28000021,1745
1503960366,4/16/2016,12669,8.159999847,1863
1503960366,4/17/2016,9705,6.480000019,1728
1503960366,4/18/2016,13019,8.590000153,1921
1503960366,4/19/2016,15506,9.880000114,2035
1503960366,4/20/2016,10544,6.679999828,1786
1503960366,4/21/2016,9819,6.340000153,1775
1503960366,4/22/2016,12764,8.130000114,1827
1503960366,4/23/2016,14371,9.039999962,1949
1503960366,4/24/2016,10039,6.409999847,1788
1503960366,4/25/2016,15355,9.800000191,2013
1503960366,4/26/2016,13755,8.789999962,1970
1503960366,4/27/2016,18134,12.21000004,2159
1503960366,4/28/2016,13154,8.529999733,1898
1503960366,4/29/2016,11181,7.150000095,1837
1503960366,4/30/2016,14673,9.25,1947
1503960366,5/1/2016,10602,6.809999943,1820
1503960366,5/2/2016,14727,9.710000038,2004
1503960366,5/3/2016,15103,9.659999847,1990
1503960366,5/4/2016,11100,7.150000095,1819
1503960366,5/5/2016,14070,8.899999619,1959
1503960366,5/6/2016,12159,8.029999733,1896
1503960366,5/7/2016,11992,7.710000038,1821
1503960366,5/8/2016,10060,6.579999924,1740
1503960366,5/9/2016,12022,7.71999979,1819
1503960366,5/10/2016,12207,7.769999981,1859
1503960366,5/11/2016,12770,8.130000114,1783
1503960366,5/12/2016,0,0,0
1624580081,4/12/2016,8163,5.309999943,1432
1624580081,4/13/2016,7007,4.550000191,1411
1624580081,4/14/2016,9107,5.920000076,1572
1624580081,4/15/2016,1510,0.980000019,1344
1624580081,4/16/2016,5370,3.49000001,1463
1624580081,4/17/2016,6175,4.059999943,1554
1624580081,4/18/2016,10536,7.409999847,1604
1624580081,4/19/2016,2916,1.899999976,1435
1624580081,4/20/2016,4974,3.230000019,1446
1624580081,4/21/2016,6349,4.130000114,1467
1624580081,4/22/2016,4026,2.619999886,1470
1624580081,4/23/2016,8538,5.550000191,1562
1624580081,4/24/2016,6076,3.950000048,1617
1624580081,4/25/2016,6497,4.21999979,1492
1624580081,4/26/2016,2826,1.840000033,1402
1624580081,4/27/2016,8367,5.440000057,1670
1624580081,4/28/2016,2759,1.789999962,1401
1624580081,4/29/2016,2390,1.549999952,1404
1624580081,4/30/2016,6474,4.300000191,1655
1624580081,5/1/2016,36019,28.03000069,2690
1624580081,5/2/2016,7155,4.929999828,1497
1624580081,5/3/2016,2100,1.370000005,1334
1624580081,5/4/2016,2193,1.429999948,1368
1624580081,5/5/2016,2470,1.610000014,1370
1624580081,5/6/2016,1727,1.120000005,1341
1624580081,5/7/2016,2104,1.370000005,1474
1624580081,5/8/2016,3427,2.230000019,1427
1624580081,5/9/2016,1732,1.129999995,1328
1624580081,5/10/2016,2969,1.929999948,1393
1624580081,5/11/2016,3134,2.039999962,1359
1624580081,5/12/2016,2971,1.929999948,1002
1644430081,4/12/2016,10694,7.769999981,3199
1644430081,4/13/2016,8001,5.820000172,2902
1644430081,4/14/2016,11037,8.020000458,3226
1644430081,4/15/2016,5263,3.829999924,2750
1644430081,4/16/2016,15300,11.11999989,3493
1644430081,4/17/2016,8757,6.369999886,3011
1644430081,4/18/2016,7132,5.190000057,2806
1644430081,4/19/2016,11256,8.180000305,3300
1644430081,4/20/2016,2436,1.769999981,2430
1644430081,4/21/2016,1223,0.889999986,2140
1644430081,4/22/2016,3673,2.670000076,2344
1644430081,4/23/2016,6637,4.829999924,2677
1644430081,4/24/2016,3321,2.410000086,2413
1644430081,4/25/2016,3580,2.599999905,2497
1644430081,4/26/2016,9919,7.210000038,3123
1644430081,4/27/2016,3032,2.200000048,2489
1644430081,4/28/2016,9405,6.840000153,3108
1644430081,4/29/2016,3176,2.309999943,2498
1644430081,4/30/2016,18213,13.23999977,3846
1644430081,5/1/2016,6132,4.460000038,2696
1644430081,5/2/2016,3758,2.730000019,2580
1644430081,5/3/2016,12850,9.340000153,3324
1644430081,5/4/2016,2309,1.679999948,2222
1644430081,5/5/2016,4363,3.190000057,2463
1644430081,5/6/2016,9787,7.119999886,3328
1644430081,5/7/2016,13372,9.720000267,3404
1644430081,5/8/2016,6724,4.889999866,2987
1644430081,5/9/2016,6643,4.829999924,3008
1644430081,5/10/2016,9167,6.659999847,2799
1644430081,5/11/2016,1329,0.970000029,1276
1844505072,4/12/2016,6697,4.429999828,2030
1844505072,4/13/2016,4929,3.25999999,1860
1844505072,4/14/2016,7937,5.25,2130
1844505072,4/15/2016,3844,2.539999962,1725
1844505072,4/16/2016,3414,2.25999999,1657
1844505072,4/17/2016,4525,2.99000001,1793
1844505072,4/18/2016,4597,3.039999962,1814
1844505072,4/19/2016,197,0.129999995,1366
1844505072,4/20/2016,8,0.01,1349
1844505072,4/21/2016,8054,5.320000172,2062
1844505072,4/22/2016,5372,3.549999952,1827
1844505072,4/23/2016,3570,2.359999895,1645
1844505072,4/24/2016,0,0,1347
1844505072,4/25/2016,0,0,1347
1844505072,4/26/2016,0,0,1347
1844505072,4/27/2016,4,0,1348
1844505072,4/28/2016,6907,4.570000172,1992
1844505072,4/29/2016,4920,3.25,1856
1844505072,4/30/2016,4014,2.670000076,1763
1844505072,5/1/2016,2573,1.700000048,1541
1844505072,5/2/2016,0,0,1348
1844505072,5/3/2016,4059,2.680000067,1742
1844505072,5/4/2016,2080,1.370000005,1549
1844505072,5/5/2016,2237,1.480000019,1589
1844505072,5/6/2016,44,0.029999999,1351
1844505072,5/7/2016,0,0,1347
1844505072,5/8/2016,0,0,1347
1844505072,5/9/2016,0,0,1347
1844505072,5/10/2016,0,0,1347
1844505072,5/11/2016,0,0,1347
1844505072,5/12/2016,0,0,665
1927972279,4/12/2016,678,0.469999999,2220
1927972279,4/13/2016,356,0.25,2151
1927972279,4/14/2016,2163,1.5,2383
1927972279,4/15/2016,980,0.680000007,2221
1927972279,4/16/2016,0,0,2064
1927972279,4/17/2016,0,0,2063
1927972279,4/18/2016,244,0.170000002,2111
1927972279,4/19/2016,0,0,2063
1927972279,4/20/2016,0,0,2063
1927972279,4/21/2016,0,0,2064
1927972279,4/22/2016,149,0.100000001,2093
1927972279,4/23/2016,2945,2.039999962,2499
1927972279,4/24/2016,2090,1.450000048,2324
1927972279,4/25/2016,152,0.109999999,2100
1927972279,4/26/2016,3761,2.599999905,2638
1927972279,4/27/2016,0,0,2063
1927972279,4/28/2016,1675,1.159999967,2351
1927972279,4/29/2016,0,0,2063
1927972279,4/30/2016,0,0,2064
1927972279,5/1/2016,2704,1.870000005,2411
1927972279,5/2/2016,3790,2.619999886,2505
1927972279,5/3/2016,1326,0.920000017,2195
1927972279,5/4/2016,1786,1.24000001,2338
1927972279,5/5/2016,0,0,2063
1927972279,5/6/2016,2091,1.450000048,2383
1927972279,5/7/2016,1510,1.039999962,2229
1927972279,5/8/2016,0,0,2063
1927972279,5/9/2016,0,0,2063
1927972279,5/10/2016,0,0,2063
1927972279,5/11/2016,0,0,2063
1927972279,5/12/2016,0,0,1383
2022484408,4/12/2016,11875,8.340000153,2390
2022484408,4/13/2016,12024,8.5,2601
2022484408,4/14/2016,10690,7.5,2312
2022484408,4/15/2016,11034,8.029999733,2525
2022484408,4/16/2016,10100,7.090000153,2177
2022484408,4/17/2016,15112,11.39999962,2782
2022484408,4/18/2016,14131,10.06999969,2770
2022484408,4/19/2016,11548,8.529999733,2489
2022484408,4/20/2016,15112,10.67000008,2897
2022484408,4/21/2016,12453,8.739999771,3158
2022484408,4/22/2016,12954,9.329999924,2638
2022484408,4/23/2016,6001,4.210000038,2069
2022484408,4/24/2016,13481,10.27999973,2529
2022484408,4/25/2016,11369,8.010000229,2470
2022484408,4/26/2016,10119,7.190000057,2793
2022484408,4/27/2016,10159,7.130000114,2463
2022484408,4/28/2016,10140,7.119999886,2296
2022484408,4/29/2016,10245,7.190000057,2611
2022484408,4/30/2016,18387,12.90999985,2732
2022484408,5/1/2016,10538,7.400000095,2380
2022484408,5/2/2016,10379,7.289999962,2473
2022484408,5/3/2016,12183,8.739999771,2752
2022484408,5/4/2016,11768,8.289999962,2649
2022484408,5/5/2016,11895,8.350000381,2609
2022484408,5/6/2016,10227,7.179999828,2498
2022484408,5/7/2016,6708,4.710000038,1995
2022484408,5/8/2016,3292,2.309999943,1848
2022484408,5/9/2016,13379,9.390000343,2709
2022484408,5/10/2016,12798,8.979999542,2797
2022484408,5/11/2016,13272,9.319999695,2544
2022484408,5/12/2016,9117,6.409999847,1853
2026352035,4/12/2016,4414,2.74000001,1459
2026352035,4/13/2016,4993,3.099999905,1521
2026352035,4/14/2016,3335,2.069999933,1431
2026352035,4/15/2016,3821,2.369999886,1444
2026352035,4/16/2016,2547,1.580000043,1373
2026352035,4/17/2016,838,0.519999981,1214
2026352035,4/18/2016,3325,2.059999943,1419
2026352035,4/19/2016,2424,1.5,1356
2026352035,4/20/2016,7222,4.480000019,1667
2026352035,4/21/2016,2467,1.529999971,1370
2026352035,4/22/2016,2915,1.809999943,1399
2026352035,4/23/2016,12357,7.710000038,1916
2026352035,4/24/2016,3490,2.160000086,1401
2026352035,4/25/2016,6017,3.730000019,1576
2026352035,4/26/2016,5933,3.680000067,1595
2026352035,4/27/2016,6088,3.769999981,1593
2026352035,4/28/2016,6375,3.950000048,1649
2026352035,4/29/2016,7604,4.710000038,1692
2026352035,4/30/2016,4729,2.930000067,1506
2026352035,5/1/2016,3609,2.279999971,1447
2026352035,5/2/2016,7018,4.349999905,1690
2026352035,5/3/2016,5992,3.720000029,1604
2026352035,5/4/2016,6564,4.070000172,1658
2026352035,5/5/2016,12167,7.539999962,1926
2026352035,5/6/2016,8198,5.079999924,1736
2026352035,5/7/2016,4193,2.599999905,1491
2026352035,5/8/2016,5528,3.450000048,1555
2026352035,5/9/2016,10685,6.619999886,1869
2026352035,5/10/2016,254,0.159999996,1141
2026352035,5/11/2016,8580,5.320000172,1698
2026352035,5/12/2016,8891,5.510000229,1364
2320127002,4/12/2016,10725,7.489999771,2124
2320127002,4/13/2016,7275,4.900000095,2003
2320127002,4/14/2016,3973,2.680000067,1696
2320127002,4/15/2016,5205,3.50999999,1801
2320127002,4/16/2016,5057,3.410000086,1724
2320127002,4/17/2016,6198,4.179999828,1852
2320127002,4/18/2016,6559,4.420000076,1905
2320127002,4/19/2016,5997,4.039999962,1811
2320127002,4/20/2016,7192,4.849999905,1922
2320127002,4/21/2016,3404,2.289999962,1610
2320127002,4/22/2016,5583,3.75999999,1851
2320127002,4/23/2016,5079,3.420000076,1804
2320127002,4/24/2016,4165,2.809999943,1725
2320127002,4/25/2016,3588,2.420000076,1654
2320127002,4/26/2016,3409,2.299999952,1632
2320127002,4/27/2016,1715,1.159999967,1481
2320127002,4/28/2016,1532,1.029999971,1473
2320127002,4/29/2016,924,0.620000005,1410
2320127002,4/30/2016,4571,3.079999924,1779
2320127002,5/1/2016,772,0.519999981,1403
2320127002,5/2/2016,3634,2.450000048,1613
2320127002,5/3/2016,7443,5.019999981,1878
2320127002,5/4/2016,1201,0.810000002,1426
2320127002,5/5/2016,5202,3.50999999,1780
2320127002,5/6/2016,4878,3.289999962,1742
2320127002,5/7/2016,7379,4.96999979,1972
2320127002,5/8/2016,5161,3.480000019,1821
2320127002,5/9/2016,3090,2.079999924,1630
2320127002,5/10/2016,6227,4.199999809,1899
2320127002,5/11/2016,6424,4.329999924,1903
2320127002,5/12/2016,2661,1.789999962,1125
2347167796,4/12/2016,10113,6.829999924,2344
2347167796,4/13/2016,10352,7.010000229,2038
2347167796,4/14/2016,10129,6.699999809,2010
2347167796,4/15/2016,10465,6.920000076,2133
2347167796,4/16/2016,22244,15.07999992,2670
2347167796,4/17/2016,5472,3.619999886,1882
2347167796,4/18/2016,8247,5.449999809,1944
2347167796,4/19/2016,6711,4.440000057,2346
2347167796,4/20/2016,10999,7.269999981,2198
2347167796,4/21/2016,10080,6.75,2048
2347167796,4/22/2016,7804,5.159999847,1946
2347167796,4/23/2016,16901,11.36999989,2629
2347167796,4/24/2016,9471,6.260000229,2187
2347167796,4/25/2016,9482,6.380000114,2095
2347167796,4/26/2016,5980,3.950000048,1861
2347167796,4/27/2016,11423,7.579999924,2194
2347167796,4/28/2016,5439,3.599999905,1854
2347167796,4/29/2016,42,0.029999999,403
2873212765,4/12/2016,8796,5.909999847,1982
2873212765,4/13/2016,7618,5.119999886,2004
2873212765,4/14/2016,7910,5.320000172,1893
2873212765,4/15/2016,8482,5.699999809,2063
2873212765,4/16/2016,9685,6.650000095,2148
2873212765,4/17/2016,2524,1.700000048,1529
2873212765,4/18/2016,7762,5.239999771,1890
2873212765,4/19/2016,7948,5.369999886,1956
2873212765,4/20/2016,9202,6.300000191,2094
2873212765,4/21/2016,8859,5.980000019,1970
2873212765,4/22/2016,7286,4.900000095,2241
2873212765,4/23/2016,9317,6.349999905,2021
2873212765,4/24/2016,6873,4.679999828,1898
2873212765,4/25/2016,7373,4.949999809,1907
2873212765,4/26/2016,8242,5.539999962,1882
2873212765,4/27/2016,3516,2.359999895,1966
2873212765,4/28/2016,7913,5.409999847,1835
2873212765,4/29/2016,7365,4.949999809,1780
2873212765,4/30/2016,8452,5.679999828,1830
2873212765,5/1/2016,7399,4.96999979,1739
2873212765,5/2/2016,7525,5.059999943,1878
2873212765,5/3/2016,7412,4.980000019,1906
2873212765,5/4/2016,8278,5.559999943,2015
2873212765,5/5/2016,8314,5.610000134,1971
2873212765,5/6/2016,7063,4.75,1910
2873212765,5/7/2016,4940,3.380000114,1897
2873212765,5/8/2016,8168,5.539999962,2096
2873212765,5/9/2016,7726,5.190000057,1906
2873212765,5/10/2016,8275,5.559999943,1962
2873212765,5/11/2016,6440,4.329999924,1826
2873212765,5/12/2016,7566,5.110000134,1431
3372868164,4/12/2016,4747,3.24000001,1788
3372868164,4/13/2016,9715,6.630000114,2093
3372868164,4/14/2016,8844,6.03000021,2065
3372868164,4/15/2016,7451,5.079999924,1908
3372868164,4/16/2016,6905,4.730000019,1908
3372868164,4/17/2016,8199,5.880000114,1964
3372868164,4/18/2016,6798,4.639999866,2014
3372868164,4/19/2016,7711,5.260000229,1985
3372868164,4/20/2016,4880,3.329999924,1867
3372868164,4/21/2016,8857,6.070000172,2124
3372868164,4/22/2016,3843,2.619999886,1669
3372868164,4/23/2016,7396,5.070000172,1995
3372868164,4/24/2016,6731,4.590000153,1921
3372868164,4/25/2016,5995,4.090000153,2010
3372868164,4/26/2016,8283,5.789999962,2057
3372868164,4/27/2016,7904,5.420000076,2095
3372868164,4/28/2016,5512,3.75999999,1972
3372868164,4/29/2016,9135,6.230000019,2044
3372868164,4/30/2016,5250,3.579999924,1946
3372868164,5/1/2016,3077,2.099999905,1237
3977333714,4/12/2016,8856,5.980000019,1450
3977333714,4/13/2016,10035,6.710000038,1495
3977333714,4/14/2016,7641,5.110000134,1433
3977333714,4/15/2016,9010,6.059999943,1468
3977333714,4/16/2016,13459,9,1625
3977333714,4/17/2016,10415,6.96999979,1529
3977333714,4/18/2016,11663,7.800000191,1584
3977333714,4/19/2016,12414,8.779999733,1638
3977333714,4/20/2016,11658,7.829999924,1554
3977333714,4/21/2016,6093,4.079999924,1397
3977333714,4/22/2016,8911,5.960000038,1481
3977333714,4/23/2016,12058,8.069999695,1638
3977333714,4/24/2016,14112,10,1655
3977333714,4/25/2016,11177,8.479999542,1570
3977333714,4/26/2016,11388,7.619999886,1551
3977333714,4/27/2016,7193,5.039999962,1377
3977333714,4/28/2016,7114,4.880000114,1407
3977333714,4/29/2016,10645,7.75,1545
3977333714,4/30/2016,13238,9.199999809,1650
3977333714,5/1/2016,10414,7.070000172,1501
3977333714,5/2/2016,16520,11.05000019,1760
3977333714,5/3/2016,14335,9.590000153,1710
3977333714,5/4/2016,13559,9.43999958,1628
3977333714,5/5/2016,12312,8.579999924,1618
3977333714,5/6/2016,11677,8.279999733,1590
3977333714,5/7/2016,11550,7.730000019,1574
3977333714,5/8/2016,13585,9.090000153,1633
3977333714,5/9/2016,14687,10.07999992,1667
3977333714,5/10/2016,13072,8.779999733,1630
3977333714,5/11/2016,746,0.5,52
4020332650,4/12/2016,8539,6.119999886,3654
4020332650,4/13/2016,0,0,1981
4020332650,4/14/2016,108,0.079999998,2011
4020332650,4/15/2016,1882,1.350000024,2951
4020332650,4/16/2016,1982,1.419999957,3051
4020332650,4/17/2016,16,0.01,1990
4020332650,4/18/2016,62,0.039999999,1995
4020332650,4/19/2016,0,0,1980
4020332650,4/20/2016,0,0,1980
4020332650,4/21/2016,0,0,1980
4020332650,4/22/2016,0,0,1980
4020332650,4/23/2016,0,0,1980
4020332650,4/24/2016,0,0,1980
4020332650,4/25/2016,0,0,1980
4020332650,4/26/2016,0,0,1980
4020332650,4/27/2016,0,0,1980
4020332650,4/28/2016,0,0,1980
4020332650,4/29/2016,0,0,1980
4020332650,4/30/2016,0,0,1980
4020332650,5/1/2016,0,0,1980
4020332650,5/2/2016,475,0.340000004,2207
4020332650,5/3/2016,4496,3.220000029,2828
4020332650,5/4/2016,10252,7.349999905,3879
4020332650,5/5/2016,11728,8.430000305,3429
4020332650,5/6/2016,4369,3.130000114,2704
4020332650,5/7/2016,6132,4.400000095,2975
4020332650,5/8/2016,5862,4.199999809,3089
4020332650,5/9/2016,4556,3.269999981,2785
4020332650,5/10/2016,5546,3.980000019,2926
4020332650,5/11/2016,3689,2.650000095,2645
4020332650,5/12/2016,590,0.419999987,1120
4057192912,4/12/2016,5394,4.03000021,2286
4057192912,4/13/2016,5974,4.46999979,2306
4057192912,4/14/2016,0,0,1776
4057192912,4/15/2016,3984,2.950000048,1527
4319703577,4/12/2016,7753,5.199999809,2115
4319703577,4/13/2016,8204,5.5,2135
4319703577,4/14/2016,10210,6.880000114,2302
4319703577,4/15/2016,5664,3.799999952,1985
4319703577,4/16/2016,4744,3.180000067,1884
4319703577,4/17/2016,29,0.02,1464
4319703577,4/18/2016,2276,1.549999952,1632
4319703577,4/19/2016,8925,5.989999771,2200
4319703577,4/20/2016,8954,6.010000229,2220
4319703577,4/21/2016,3702,2.480000019,1792
4319703577,4/22/2016,4500,3.019999981,1886
4319703577,4/23/2016,4935,3.309999943,1945
4319703577,4/24/2016,4081,2.74000001,1880
4319703577,4/25/2016,9259,6.210000038,2314
4319703577,4/26/2016,9899,6.639999866,2236
4319703577,4/27/2016,10780,7.230000019,2324
4319703577,4/28/2016,10817,7.28000021,2367
4319703577,4/29/2016,7990,5.360000134,2175
4319703577,4/30/2016,8221,5.519999981,2092
4319703577,5/1/2016,1251,0.839999974,1593
4319703577,5/2/2016,9261,6.239999771,2270
4319703577,5/3/2016,9648,6.46999979,2235
4319703577,5/4/2016,10429,7.019999981,2282
4319703577,5/5/2016,13658,9.489999771,2530
4319703577,5/6/2016,9524,6.420000076,2266
4319703577,5/7/2016,7937,5.329999924,2158
4319703577,5/8/2016,3672,2.460000038,1792
4319703577,5/9/2016,10378,6.960000038,2345
4319703577,5/10/2016,9487,6.369999886,2260
4319703577,5/11/2016,9129,6.130000114,2232
4319703577,5/12/2016,17,0.01,257
4388161847,4/12/2016,10122,7.78000021,2955
4388161847,4/13/2016,10993,8.449999809,3092
4388161847,4/14/2016,8863,6.820000172,2998
4388161847,4/15/2016,8758,6.730000019,3066
4388161847,4/16/2016,6580,5.059999943,3073
4388161847,4/17/2016,4660,3.579999924,2572
4388161847,4/18/2016,11009,9.100000381,3274
4388161847,4/19/2016,10181,7.829999924,3015
4388161847,4/20/2016,10553,8.119999886,3083
4388161847,4/21/2016,10055,7.730000019,3069
4388161847,4/22/2016,12139,9.340000153,3544
4388161847,4/23/2016,13236,10.18000031,3306
4388161847,4/24/2016,10243,7.880000114,2885
4388161847,4/25/2016,12961,9.970000267,3288
4388161847,4/26/2016,9461,7.28000021,2929
4388161847,4/27/2016,11193,8.609999657,3074
4388161847,4/28/2016,10074,7.75,2969
4388161847,4/29/2016,9232,7.099999905,2979
4388161847,4/30/2016,12533,9.640000343,3283
4388161847,5/1/2016,10255,7.889999866,2926
4388161847,5/2/2016,10096,8.399999619,3147
4388161847,5/3/2016,12727,9.789999962,3290
4388161847,5/4/2016,12375,9.520000458,3162
4388161847,5/5/2016,9603,7.380000114,2899
4388161847,5/6/2016,13175,10.13000011,3425
4388161847,5/7/2016,22770,17.54000092,4022
4388161847,5/8/2016,17298,14.38000011,3934
4388161847,5/9/2016,10218,7.860000134,3013
4388161847,5/10/2016,10299,7.920000076,3061
4388161847,5/11/2016,10201,7.840000153,2954
4388161847,5/12/2016,3369,2.589999914,1623
4445114986,4/12/2016,3276,2.200000048,2113
4445114986,4/13/2016,2961,1.99000001,2095
4445114986,4/14/2016,3974,2.670000076,2194
4445114986,4/15/2016,7198,4.829999924,2496
4445114986,4/16/2016,3945,2.650000095,2180
4445114986,4/17/2016,2268,1.519999981,1933
4445114986,4/18/2016,6155,4.239999771,2248
4445114986,4/19/2016,2064,1.389999986,1954
4445114986,4/20/2016,2072,1.389999986,1974
4445114986,4/21/2016,3809,2.559999943,2150
4445114986,4/22/2016,6831,4.579999924,2432
4445114986,4/23/2016,4363,2.930000067,2149
4445114986,4/24/2016,5002,3.359999895,2247
4445114986,4/25/2016,3385,2.269999981,2070
4445114986,4/26/2016,6326,4.409999847,2291
4445114986,4/27/2016,7243,5.03000021,2361
4445114986,4/28/2016,4493,3.00999999,2203
4445114986,4/29/2016,4676,3.140000105,2196
4445114986,4/30/2016,6222,4.179999828,2363
4445114986,5/1/2016,5232,3.50999999,2246
4445114986,5/2/2016,6910,4.75,2336
4445114986,5/3/2016,7502,5.179999828,2421
4445114986,5/4/2016,2923,1.960000038,2070
4445114986,5/5/2016,3800,2.549999952,2120
4445114986,5/6/2016,4514,3.029999971,2211
4445114986,5/7/2016,5183,3.589999914,2123
4445114986,5/8/2016,7303,4.900000095,2423
4445114986,5/9/2016,5275,3.539999962,2281
4445114986,5/10/2016,3915,2.630000114,2181
4445114986,5/11/2016,9105,6.110000134,2499
4445114986,5/12/2016,768,0.519999981,1212
4558609924,4/12/2016,5135,3.390000105,1909
4558609924,4/13/2016,4978,3.289999962,1722
4558609924,4/14/2016,6799,4.489999771,1922
4558609924,4/15/2016,7795,5.150000095,2121
4558609924,4/16/2016,7289,4.820000172,1997
4558609924,4/17/2016,9634,6.400000095,2117
4558609924,4/18/2016,8940,5.909999847,2116
4558609924,4/19/2016,5401,3.569999933,1876
4558609924,4/20/2016,4803,3.170000076,1788
4558609924,4/21/2016,13743,9.079999924,2486
4558609924,4/22/2016,9601,6.349999905,2094
4558609924,4/23/2016,6890,4.550000191,2085
4558609924,4/24/2016,8563,5.659999847,2173
4558609924,4/25/2016,8095,5.349999905,2225
4558609924,4/26/2016,9148,6.050000191,2223
4558609924,4/27/2016,9557,6.320000172,2098
4558609924,4/28/2016,9451,6.25,2185
4558609924,4/29/2016,7833,5.179999828,1918
4558609924,4/30/2016,10319,6.820000172,2105
4558609924,5/1/2016,3428,2.269999981,1692
4558609924,5/2/2016,7891,5.21999979,2066
4558609924,5/3/2016,5267,3.480000019,1953
4558609924,5/4/2016,5232,3.460000038,1842
4558609924,5/5/2016,10611,7.010000229,2262
4558609924,5/6/2016,3755,2.480000019,1722
4558609924,5/7/2016,8237,5.440000057,1973
4558609924,5/8/2016,6543,4.329999924,2666
4558609924,5/9/2016,11451,7.570000172,2223
4558609924,5/10/2016,6435,4.25,1889
4558609924,5/11/2016,9108,6.019999981,2131
4558609924,5/12/2016,6307,4.170000076,1452
4702921684,4/12/2016,7213,5.880000114,2947
4702921684,4/13/2016,6877,5.579999924,2898
4702921684,4/14/2016,7860,6.369999886,2984
4702921684,4/15/2016,6506,5.28000021,2896
4702921684,4/16/2016,11140,9.029999733,3328
4702921684,4/17/2016,12692,10.28999996,3394
4702921684,4/18/2016,9105,7.380000114,3013
4702921684,4/19/2016,6708,5.440000057,2812
4702921684,4/20/2016,8793,7.130000114,3061
4702921684,4/21/2016,6530,5.300000191,2729
4702921684,4/22/2016,1664,1.350000024,2241
4702921684,4/23/2016,15126,12.27000046,3691
4702921684,4/24/2016,15050,12.22000027,3538
4702921684,4/25/2016,9167,7.429999828,3064
4702921684,4/26/2016,6108,4.949999809,2784
4702921684,4/27/2016,7047,5.71999979,2908
4702921684,4/28/2016,9023,7.320000172,3033
4702921684,4/29/2016,9930,8.050000191,3165
4702921684,4/30/2016,10144,8.229999542,3115
4702921684,5/1/2016,0,0,2017
4702921684,5/2/2016,7245,5.920000076,2859
4702921684,5/3/2016,9454,7.670000076,3145
4702921684,5/4/2016,8161,6.619999886,3004
4702921684,5/5/2016,8614,6.989999771,3006
4702921684,5/6/2016,6943,5.630000114,2859
4702921684,5/7/2016,14370,11.64999962,3683
4702921684,5/8/2016,12857,10.43000031,3287
4702921684,5/9/2016,8232,6.679999828,2990
4702921684,5/10/2016,10613,8.609999657,3172
4702921684,5/11/2016,9810,7.960000038,3069
4702921684,5/12/2016,2752,2.230000019,1240
5553957443,4/12/2016,11596,7.570000172,2026
5553957443,4/13/2016,4832,3.160000086,1718
5553957443,4/14/2016,17022,11.11999989,2324
5553957443,4/15/2016,16556,10.85999966,2254
5553957443,4/16/2016,5771,3.769999981,1831
5553957443,4/17/2016,655,0.430000007,1397
5553957443,4/18/2016,3727,2.430000067,1683
5553957443,4/19/2016,15482,10.10999966,2284
5553957443,4/20/2016,2713,1.769999981,1570
5553957443,4/21/2016,12346,8.06000042,2066
5553957443,4/22/2016,11682,7.630000114,2105
5553957443,4/23/2016,4112,2.690000057,1776
5553957443,4/24/2016,1807,1.179999948,1507
5553957443,4/25/2016,10946,7.190000057,2033
5553957443,4/26/2016,11886,7.760000229,2093
5553957443,4/27/2016,10538,6.880000114,1922
5553957443,4/28/2016,11393,7.630000114,1999
5553957443,4/29/2016,12764,8.329999924,2169
5553957443,4/30/2016,1202,0.779999971,1463
5553957443,5/1/2016,5164,3.369999886,1747
5553957443,5/2/2016,9769,6.380000114,1996
5553957443,5/3/2016,12848,8.390000343,2116
5553957443,5/4/2016,4249,2.769999981,1698
5553957443,5/5/2016,14331,9.510000229,2156
5553957443,5/6/2016,9632,6.289999962,1916
5553957443,5/7/2016,1868,1.220000029,1494
5553957443,5/8/2016,6083,4,1762
5553957443,5/9/2016,11611,7.579999924,2272
5553957443,5/10/2016,16358,10.71000004,2335
5553957443,5/11/2016,4926,3.220000029,1693
5553957443,5/12/2016,3121,2.039999962,741
5577150313,4/12/2016,8135,6.079999924,3405
5577150313,4/13/2016,5077,3.789999962,2551
5577150313,4/14/2016,8596,6.420000076,4022
5577150313,4/15/2016,12087,9.079999924,4005
5577150313,4/16/2016,14269,10.65999985,4274
5577150313,4/17/2016,12231,9.140000343,4552
5577150313,4/18/2016,9893,7.389999866,3625
5577150313,4/19/2016,12574,9.420000076,3501
5577150313,4/20/2016,8330,6.21999979,3192
5577150313,4/21/2016,10830,8.090000153,4018
5577150313,4/22/2016,9172,6.849999905,3329
5577150313,4/23/2016,7638,5.710000038,3152
5577150313,4/24/2016,15764,11.77999973,4392
5577150313,4/25/2016,6393,4.78000021,3374
5577150313,4/26/2016,5325,3.980000019,3088
5577150313,4/27/2016,6805,5.139999866,3294
5577150313,4/28/2016,9841,7.429999828,3580
5577150313,4/29/2016,7924,5.920000076,3544
5577150313,4/30/2016,12363,9.239999771,4501
5577150313,5/1/2016,13368,9.989999771,4546
5577150313,5/2/2016,7439,5.559999943,3014
5577150313,5/3/2016,11045,8.25,3795
5577150313,5/4/2016,5206,3.890000105,2755
5577150313,5/5/2016,7550,5.639999866,3004
5577150313,5/6/2016,4950,3.700000048,2643
5577150313,5/7/2016,0,0,1819
5577150313,5/8/2016,0,0,1819
5577150313,5/9/2016,3421,2.559999943,2489
5577150313,5/10/2016,8869,6.650000095,3841
5577150313,5/11/2016,4038,3.039999962,1665
6117666160,4/12/2016,0,0,1496
6117666160,4/13/2016,0,0,1496
6117666160,4/14/2016,0,0,1496
6117666160,4/15/2016,14019,10.59000015,2865
6117666160,4/16/2016,14450,10.90999985,2828
6117666160,4/17/2016,7150,5.400000095,2225
6117666160,4/18/2016,5153,3.910000086,2018
6117666160,4/19/2016,11135,8.409999847,2606
6117666160,4/20/2016,10449,8.020000458,2536
6117666160,4/21/2016,19542,15.01000023,4900
6117666160,4/22/2016,8206,6.199999809,2409
6117666160,4/23/2016,11495,8.680000305,2651
6117666160,4/24/2016,7623,5.760000229,2305
6117666160,4/25/2016,0,0,1497
6117666160,4/26/2016,9543,7.210000038,2450
6117666160,4/27/2016,9411,7.110000134,2576
6117666160,4/28/2016,3403,2.599999905,1879
6117666160,4/29/2016,9592,7.239999771,2560
6117666160,4/30/2016,6987,5.28000021,2275
6117666160,5/1/2016,8915,6.730000019,2361
6117666160,5/2/2016,4933,3.730000019,2044
6117666160,5/3/2016,0,0,1496
6117666160,5/4/2016,2997,2.25999999,1902
6117666160,5/5/2016,9799,7.400000095,2636
6117666160,5/6/2016,3365,2.680000067,1838
6117666160,5/7/2016,7336,5.539999962,2469
6117666160,5/8/2016,7328,5.53000021,2250
6117666160,5/9/2016,4477,3.380000114,1248
6290855005,4/12/2016,4562,3.450000048,2560
6290855005,4/13/2016,7142,5.400000095,2905
6290855005,4/14/2016,7671,5.800000191,2952
6290855005,4/15/2016,9501,7.179999828,2896
6290855005,4/16/2016,8301,6.28000021,2783
6290855005,4/17/2016,7851,5.940000057,3171
6290855005,4/18/2016,6885,5.210000038,2766
6290855005,4/19/2016,7142,5.400000095,2839
6290855005,4/20/2016,6361,4.809999943,2701
6290855005,4/21/2016,0,0,2060
6290855005,4/22/2016,6238,4.71999979,2796
6290855005,4/23/2016,0,0,2664
6290855005,4/24/2016,5896,4.460000038,2703
6290855005,4/25/2016,7802,5.900000095,2771
6290855005,4/26/2016,0,0,2060
6290855005,4/27/2016,5565,4.210000038,2743
6290855005,4/28/2016,5731,4.329999924,2687
6290855005,4/29/2016,0,0,2060
6290855005,4/30/2016,6744,5.099999905,2843
6290855005,5/1/2016,9837,7.440000057,3327
6290855005,5/2/2016,6781,5.130000114,2725
6290855005,5/3/2016,6047,4.570000172,2671
6290855005,5/4/2016,5832,4.409999847,2718
6290855005,5/5/2016,6339,4.789999962,2682
6290855005,5/6/2016,6116,4.619999886,2806
6290855005,5/7/2016,5510,4.170000076,2613
6290855005,5/8/2016,7706,5.829999924,2712
6290855005,5/9/2016,6277,4.75,2175
6290855005,5/10/2016,0,0,0
6775888955,4/12/2016,0,0,1841
6775888955,4/13/2016,4053,2.910000086,2400
6775888955,4/14/2016,5162,3.700000048,2507
6775888955,4/15/2016,1282,0.920000017,2127
6775888955,4/16/2016,4732,3.390000105,2225
6775888955,4/17/2016,2497,1.789999962,2067
6775888955,4/18/2016,8294,5.949999809,2798
6775888955,4/19/2016,0,0,1841
6775888955,4/20/2016,10771,7.71999979,3727
6775888955,4/21/2016,0,0,1841
6775888955,4/22/2016,637,0.460000008,1922
6775888955,4/23/2016,0,0,1841
6775888955,4/24/2016,2153,1.539999962,2053
6775888955,4/25/2016,6474,4.639999866,2484
6775888955,4/26/2016,7091,5.269999981,2584
6775888955,4/27/2016,0,0,1841
6775888955,4/28/2016,703,0.5,1993
6775888955,4/29/2016,0,0,1841
6775888955,4/30/2016,2503,1.789999962,2280
6775888955,5/1/2016,2487,1.779999971,2319
6775888955,5/2/2016,0,0,1841
6775888955,5/3/2016,9,0.01,1843
6775888955,5/4/2016,0,0,1841
6775888955,5/5/2016,0,0,1841
6775888955,5/6/2016,4697,3.369999886,2496
6775888955,5/7/2016,1967,1.409999967,1032
6962181067,4/12/2016,10199,6.739999771,1994
6962181067,4/13/2016,5652,3.74000001,1718
6962181067,4/14/2016,1551,1.029999971,1466
6962181067,4/15/2016,5563,3.680000067,1756
6962181067,4/16/2016,13217,8.739999771,2173
6962181067,4/17/2016,10145,6.710000038,2027
6962181067,4/18/2016,11404,7.539999962,2039
6962181067,4/19/2016,10742,7.099999905,2046
6962181067,4/20/2016,13928,9.550000191,2174
6962181067,4/21/2016,11835,9.710000038,2179
6962181067,4/22/2016,10725,7.090000153,2086
6962181067,4/23/2016,20031,13.23999977,2571
6962181067,4/24/2016,5029,3.319999933,1705
6962181067,4/25/2016,13239,9.270000458,2194
6962181067,4/26/2016,10433,6.900000095,2012
6962181067,4/27/2016,10320,6.820000172,2034
6962181067,4/28/2016,12627,8.350000381,2182
6962181067,4/29/2016,10762,7.110000134,2254
6962181067,4/30/2016,10081,6.659999847,2002
6962181067,5/1/2016,5454,3.609999895,1740
6962181067,5/2/2016,12912,8.539999962,2162
6962181067,5/3/2016,12109,8.119999886,2072
6962181067,5/4/2016,10147,6.710000038,2086
6962181067,5/5/2016,10524,6.960000038,2066
6962181067,5/6/2016,5908,3.910000086,1850
6962181067,5/7/2016,6815,4.5,1947
6962181067,5/8/2016,4188,2.769999981,1659
6962181067,5/9/2016,12342,8.720000267,2105
6962181067,5/10/2016,15448,10.21000004,2361
6962181067,5/11/2016,6722,4.440000057,1855
6962181067,5/12/2016,3587,2.369999886,928
7007744171,4/12/2016,14172,10.28999996,2937
7007744171,4/13/2016,12862,9.649999619,2742
7007744171,4/14/2016,11179,8.239999771,2668
7007744171,4/15/2016,5273,3.529999971,2098
7007744171,4/16/2016,4631,3.099999905,2076
7007744171,4/17/2016,8059,5.389999866,2383
7007744171,4/18/2016,14816,10.97999954,2832
7007744171,4/19/2016,14194,10.47999954,2812
7007744171,4/20/2016,15566,11.31000042,3096
7007744171,4/21/2016,13744,9.18999958,2763
7007744171,4/22/2016,15299,10.23999977,2889
7007744171,4/23/2016,8093,5.409999847,2284
7007744171,4/24/2016,11085,7.420000076,2667
7007744171,4/25/2016,18229,13.34000015,3055
7007744171,4/26/2016,15090,10.10000038,2939
7007744171,4/27/2016,13541,10.22000027,2830
7007744171,4/28/2016,15128,10.11999989,2836
7007744171,4/29/2016,20067,14.30000019,3180
7007744171,4/30/2016,3761,2.519999981,2051
7007744171,5/1/2016,5600,3.75,2225
7007744171,5/2/2016,13041,9.180000305,2642
7007744171,5/3/2016,14510,10.86999989,2976
7007744171,5/4/2016,0,0,1557
7007744171,5/5/2016,15010,11.10000038,2933
7007744171,5/6/2016,11459,7.670000076,2553
7007744171,5/7/2016,0,0,120
7086361926,4/12/2016,11317,8.409999847,2772
7086361926,4/13/2016,5813,3.619999886,2516
7086361926,4/14/2016,9123,6.119999886,2734
7086361926,4/15/2016,8585,5.670000076,2395
7086361926,4/16/2016,31,0.01,1635
7086361926,4/17/2016,0,0,1629
7086361926,4/18/2016,9827,6.710000038,2743
7086361926,4/19/2016,10688,7.289999962,2944
7086361926,4/20/2016,14365,10.64000034,2997
7086361926,4/21/2016,9469,6.179999828,2463
7086361926,4/22/2016,9753,6.53000021,2846
7086361926,4/23/2016,2817,1.809999943,1965
7086361926,4/24/2016,3520,2.160000086,2049
7086361926,4/25/2016,10091,6.820000172,2752
7086361926,4/26/2016,10387,7.070000172,2781
7086361926,4/27/2016,11107,8.340000153,2693
7086361926,4/28/2016,11584,7.800000191,2862
7086361926,4/29/2016,7881,4.949999809,2616
7086361926,4/30/2016,14560,9.409999847,2995
7086361926,5/1/2016,12390,8.069999695,2730
7086361926,5/2/2016,10052,6.809999943,2754
7086361926,5/3/2016,10288,6.760000229,2754
7086361926,5/4/2016,10988,8.31000042,2655
7086361926,5/5/2016,8564,5.599999905,2386
7086361926,5/6/2016,12461,8.380000114,2924
7086361926,5/7/2016,12827,8.479999542,2739
7086361926,5/8/2016,10677,7.099999905,2534
7086361926,5/9/2016,13566,9.109999657,2960
7086361926,5/10/2016,14433,10.78999996,2800
7086361926,5/11/2016,9572,6.519999981,2735
7086361926,5/12/2016,3789,2.559999943,1199
8053475328,4/12/2016,18060,14.11999989,3186
8053475328,4/13/2016,16433,13.35000038,3140
8053475328,4/14/2016,20159,15.97000027,3411
8053475328,4/15/2016,20669,16.23999977,3410
8053475328,4/16/2016,14549,11.10999966,2867
8053475328,4/17/2016,18827,13.68999958,3213
8053475328,4/18/2016,17076,12.65999985,3133
8053475328,4/19/2016,15929,12.47999954,3114
8053475328,4/20/2016,15108,12.18999958,3043
8053475328,4/21/2016,16057,12.51000023,3103
8053475328,4/22/2016,10520,8.289999962,2655
8053475328,4/23/2016,22359,17.19000053,3554
8053475328,4/24/2016,22988,17.95000076,3577
8053475328,4/25/2016,20500,15.68999958,3403
8053475328,4/26/2016,12685,9.619999886,2846
8053475328,4/27/2016,12422,9.819999695,2852
8053475328,4/28/2016,15447,12.39999962,3062
8053475328,4/29/2016,12315,9.649999619,2794
8053475328,4/30/2016,7135,5.590000153,2408
8053475328,5/1/2016,1170,0.850000024,1886
8053475328,5/2/2016,1969,1.429999948,1988
8053475328,5/3/2016,15484,11.89999962,3023
8053475328,5/4/2016,14581,11.14999962,2918
8053475328,5/5/2016,14990,11.51000023,2950
8053475328,5/6/2016,13953,11,2859
8053475328,5/7/2016,19769,15.67000008,3331
8053475328,5/8/2016,22026,17.64999962,3589
8053475328,5/9/2016,12465,9.380000114,2765
8053475328,5/10/2016,14810,11.35999966,2926
8053475328,5/11/2016,12209,9.399999619,2809
8053475328,5/12/2016,4998,3.910000086,1505
8253242879,4/12/2016,9033,7.159999847,2044
8253242879,4/13/2016,8053,6.099999905,1935
8253242879,4/14/2016,5234,3.460000038,1705
8253242879,4/15/2016,2672,1.769999981,1632
8253242879,4/16/2016,9256,6.139999866,1880
8253242879,4/17/2016,10204,7.909999847,2112
8253242879,4/18/2016,5151,3.480000019,1829
8253242879,4/19/2016,4212,2.779999971,1763
8253242879,4/20/2016,6466,4.269999981,1931
8253242879,4/21/2016,11268,8.56000042,2218
8253242879,4/22/2016,2824,1.870000005,1651
8253242879,4/23/2016,9282,6.260000229,2132
8253242879,4/24/2016,8905,7.130000114,1976
8253242879,4/25/2016,6829,4.510000229,1909
8253242879,4/26/2016,4562,3.039999962,1813
8253242879,4/27/2016,10232,8.180000305,2008
8253242879,4/28/2016,2718,1.799999952,1580
8253242879,4/29/2016,6260,4.260000229,1854
8253242879,4/30/2016,0,0,0
8378563200,4/12/2016,7626,6.050000191,3635
8378563200,4/13/2016,12386,9.819999695,4079
8378563200,4/14/2016,13318,10.56000042,4163
8378563200,4/15/2016,14461,11.47000027,3666
8378563200,4/16/2016,11207,8.890000343,3363
8378563200,4/17/2016,2132,1.690000057,2572
8378563200,4/18/2016,13630,10.81000042,4157
8378563200,4/19/2016,13070,10.35999966,4092
8378563200,4/20/2016,9388,7.440000057,3787
8378563200,4/21/2016,15148,12.01000023,4236
8378563200,4/22/2016,12200,9.670000076,4044
8378563200,4/23/2016,5709,4.53000021,2908
8378563200,4/24/2016,3703,2.940000057,2741
8378563200,4/25/2016,12405,9.840000153,4005
8378563200,4/26/2016,16208,12.85000038,3763
8378563200,4/27/2016,7359,5.840000153,3061
8378563200,4/28/2016,5417,4.300000191,2884
8378563200,4/29/2016,6175,4.900000095,2982
8378563200,4/30/2016,2946,2.339999914,2660
8378563200,5/1/2016,11419,9.06000042,3369
8378563200,5/2/2016,6064,4.809999943,3491
8378563200,5/3/2016,8712,6.909999847,3784
8378563200,5/4/2016,7875,6.239999771,3110
8378563200,5/5/2016,8567,6.789999962,3783
8378563200,5/6/2016,7045,5.590000153,3644
8378563200,5/7/2016,4468,3.539999962,2799
8378563200,5/8/2016,2943,2.329999924,2685
8378563200,5/9/2016,8382,6.650000095,3721
8378563200,5/10/2016,6582,5.21999979,3586
8378563200,5/11/2016,9143,7.25,3788
8378563200,5/12/2016,4561,3.619999886,1976
8583815059,4/12/2016,5014,3.910000086,2650
8583815059,4/13/2016,5571,4.349999905,2654
8583815059,4/14/2016,3135,2.450000048,2443
8583815059,4/15/2016,3430,2.680000067,2505
8583815059,4/16/2016,5319,4.150000095,2693
8583815059,4/17/2016,3008,2.349999905,2439
8583815059,4/18/2016,3864,3.00999999,2536
8583815059,4/19/2016,5697,4.440000057,2668
8583815059,4/20/2016,5273,4.110000134,2647
8583815059,4/21/2016,8538,6.659999847,2883
8583815059,4/22/2016,8687,6.78000021,2944
8583815059,4/23/2016,9423,7.349999905,3012
8583815059,4/24/2016,8286,6.460000038,2889
8583815059,4/25/2016,4503,3.50999999,2547
8583815059,4/26/2016,10499,8.18999958,3093
8583815059,4/27/2016,12474,9.729999542,3142
8583815059,4/28/2016,6174,4.820000172,2757
8583815059,4/29/2016,15168,11.82999992,3513
8583815059,4/30/2016,10085,7.869999886,3164
8583815059,5/1/2016,4512,3.519999981,2596
8583815059,5/2/2016,8469,6.610000134,2894
8583815059,5/3/2016,12015,9.369999886,3212
8583815059,5/4/2016,3588,2.799999952,2516
8583815059,5/5/2016,12427,9.68999958,3266
8583815059,5/6/2016,5843,4.559999943,2683
8583815059,5/7/2016,6117,4.769999981,2810
8583815059,5/8/2016,9217,7.190000057,2940
8583815059,5/9/2016,9877,7.699999809,2947
8583815059,5/10/2016,8240,6.429999828,2846
8583815059,5/11/2016,8701,6.789999962,2804
8583815059,5/12/2016,0,0,0
8792009665,4/12/2016,2564,1.639999986,2044
8792009665,4/13/2016,1320,0.839999974,1934
8792009665,4/14/2016,1219,0.779999971,1963
8792009665,4/15/2016,2483,1.590000033,2009
8792009665,4/16/2016,244,0.159999996,1721
8792009665,4/17/2016,0,0,1688
8792009665,4/18/2016,0,0,1688
8792009665,4/19/2016,0,0,1688
8792009665,4/20/2016,3147,2.00999999,2188
8792009665,4/21/2016,144,0.090000004,1720
8792009665,4/22/2016,4068,2.599999905,2419
8792009665,4/23/2016,5245,3.359999895,2748
8792009665,4/24/2016,400,0.25999999,1799
8792009665,4/25/2016,0,0,1688
8792009665,4/26/2016,1321,0.850000024,1928
8792009665,4/27/2016,1758,1.129999995,2067
8792009665,4/28/2016,6157,3.940000057,2780
8792009665,4/29/2016,8360,5.349999905,3101
8792009665,4/30/2016,7174,4.590000153,2896
8792009665,5/1/2016,1619,1.039999962,1962
8792009665,5/2/2016,1831,1.169999957,2015
8792009665,5/3/2016,2421,1.549999952,2297
8792009665,5/4/2016,2283,1.460000038,2067
8792009665,5/5/2016,0,0,1688
8792009665,5/6/2016,0,0,1688
8792009665,5/7/2016,0,0,1688
8792009665,5/8/2016,0,0,1688
8792009665,5/9/2016,0,0,1688
8792009665,5/10/2016,0,0,57
8877689391,4/12/2016,23186,20.39999962,3921
8877689391,4/13/2016,15337,9.579999924,3566
8877689391,4/14/2016,21129,18.97999954,3793
8877689391,4/15/2016,13422,7.170000076,3934
8877689391,4/16/2016,29326,25.29000092,4547
8877689391,4/17/2016,15118,8.869999886,3545
8877689391,4/18/2016,11423,8.670000076,2761
8877689391,4/19/2016,18785,17.39999962,3676
8877689391,4/20/2016,19948,18.11000061,3679
8877689391,4/21/2016,19377,17.62000084,3659
8877689391,4/22/2016,18258,16.30999947,3427
8877689391,4/23/2016,11200,7.429999828,3891
8877689391,4/24/2016,16674,15.73999977,3455
8877689391,4/25/2016,12986,8.739999771,3802
8877689391,4/26/2016,11101,8.430000305,2860
8877689391,4/27/2016,23629,20.64999962,3808
8877689391,4/28/2016,14890,11.30000019,3060
8877689391,4/29/2016,9733,7.389999866,2698
8877689391,4/30/2016,27745,26.71999931,4398
8877689391,5/1/2016,10930,8.319999695,2786
8877689391,5/2/2016,4790,3.640000105,2189
8877689391,5/3/2016,10818,8.210000038,2817
8877689391,5/4/2016,18193,16.29999924,3477
8877689391,5/5/2016,14055,10.67000008,3052
8877689391,5/6/2016,21727,19.34000015,4015
8877689391,5/7/2016,12332,8.130000114,4142
8877689391,5/8/2016,10686,8.109999657,2847
8877689391,5/9/2016,20226,18.25,3710
8877689391,5/10/2016,10733,8.149999619,2832
8877689391,5/11/2016,21420,19.55999947,3832
8877689391,5/12/2016,8064,6.119999886,1849
